﻿<?xml version="1.0" encoding="utf-8" ?>
<Advertisements>
  <Ad>
    <ImageUrl>~C:\Users\WelCome\Documents\Visual Studio 2010\Projects\originalproject\WebApplication7\CBSE.jpg
      
    </ImageUrl>
  </Ad>
  <Ad>
    <ImageUrl>
      ~C:\Users\WelCome\Documents\Visual Studio 2010\Projects\originalproject\WebApplication7\cbse2-kwMB--621x414@LiveMint.jpg

    </ImageUrl>
  </Ad>

  <Ad>
    <ImageUrl>
      ~C:\Users\WelCome\Documents\Visual Studio 2010\Projects\originalproject\WebApplication7\CBSE.jpg

    </ImageUrl>
  </Ad>

  <Ad>
    <ImageUrl>
      ~C:\Users\WelCome\Documents\Visual Studio 2010\Projects\originalproject\WebApplication7\cbse-1514719285.jpg

    </ImageUrl>
  </Ad>

</Advertisements>